﻿<?xml version="1.0" encoding="utf-8"?>
<VirtualDB xmlns:xsi="http://www.w3.org/2001/XMLSchema-instance" xmlns:xsd="http://www.w3.org/2001/XMLSchema" version="4.0.0.1">
  <Name>vdb</Name>
  <RootView>PATIENT</RootView>
  <AutomaticGenerationFK>false</AutomaticGenerationFK>
  <EnableDataEncryption>false</EnableDataEncryption>
  <LazyDataUpdate enabled="true" executePreVCs="false" executePostVCs="false" />
  <Tables>
    <Table>PATIENT</Table>
  </Tables>
  <TablesProperties>
    <TableProperties name="PATIENT">
      <Populations>
        <Population id="query_PATIENT" name="query_PATIENT" order="1" disabled="false" enrichment="false" />
      </Populations>
    </TableProperties>
  </TablesProperties>
  <EnrichmentsOrderList />
  <ReferencesList>
    <Item active="false" name="refZipCodes" />
    <Item active="false" name="yp_country_information" />
  </ReferencesList>
  <Relations />
  <DatabaseRelations />
</VirtualDB>