﻿<?xml version="1.0" encoding="utf-8"?>
<DBConn xmlns:xsi="http://www.w3.org/2001/XMLSchema-instance" xmlns:xsd="http://www.w3.org/2001/XMLSchema" xsi:type="DBConnPostgreSQL" name="dbPostgreSQL_loc" type="PostgreSQL" version="3.0.0.1">
  <Active>true</Active>
  <DataSource>localhost</DataSource>
  <PortNum>5432</PortNum>
  <DataBase>k2view</DataBase>
  <UserId>k2app</UserId>
  <Password>Ontx+HQKlwrHiUmhPDd3F3Zb8RWd+w26k0rOwB+uDoM=:orWPnu97B5dDZYsyuta7MRqa/3DW6aVZs5U/Pxly4t4=</Password>
  <MaxConnectionsNumber>60</MaxConnectionsNumber>
  <ConnectionStringClient>Provider=PostgreSQL;Host='localhost';user='k2app';Database='k2view';password='[PASSWORD]';port=5432;</ConnectionStringClient>
  <ConnectionStringServerSide>jdbc:postgresql://localhost:5432/k2view?stringtype=unspecified</ConnectionStringServerSide>
  <CommandList />
  <ProviderType>DevartUniversal</ProviderType>
</DBConn>