﻿<?xml version="1.0" encoding="utf-8"?>
<DBConn xmlns:xsi="http://www.w3.org/2001/XMLSchema-instance" xmlns:xsd="http://www.w3.org/2001/XMLSchema" xsi:type="DBConnSybaseAnywhere" name="dbSybase_ASA_odbc" type="Sybase_ASA" version="3.0.3.0">
  <Active>true</Active>
  <DataSource>10.21.2.40</DataSource>
  <PortNum>2638</PortNum>
  <UserId>DBA</UserId>
  <Password>qIWrbK9W8++Wk++0PCZ4i4OxTjRgDtDgnn0V5j4rXg4=:bgZ3WB3SR+9dzgWknXSluD3zntsCxC53D9fpnNu5A5M=</Password>
  <MaxConnectionsNumber>60</MaxConnectionsNumber>
  <ConnectionStringClient>Driver={SQL Anywhere 16};Host=10.21.2.40:2638;ServerName='demo';DatabaseName='';UserID='DBA';Password='[PASSWORD]';</ConnectionStringClient>
  <ConnectionStringServerSide>jdbc:sybase:Tds:10.21.2.40:2638/demo</ConnectionStringServerSide>
  <CommandList />
  <ServerName>demo</ServerName>
</DBConn>