﻿<?xml version="1.0" encoding="utf-8"?>
<DBConn xmlns:xsi="http://www.w3.org/2001/XMLSchema-instance" xmlns:xsd="http://www.w3.org/2001/XMLSchema" xsi:type="DBConnOracle" name="ORACLE_HIS" type="Oracle" version="2.4.0.5">
  <Active>true</Active>
  <DataSource>10.21.1.159</DataSource>
  <PortNum>1521</PortNum>
  <DataBase>xe</DataBase>
  <UserId>HIS_USER</UserId>
  <Password>IZ/73yqef+KlxFJO16QYaFniqv3xBqSUKZEzc2UklgM=:B3Ax6R7/FdqDzvV/DiZZc8lEcZ3RCqkQ6FYvG6cH6mM=</Password>
  <MaxConnectionsNumber>60</MaxConnectionsNumber>
  <ConnectionStringClient>Data Source=(DESCRIPTION=(ADDRESS_LIST=(ADDRESS=(PROTOCOL=TCP)(HOST=10.21.1.159)(PORT=1521)))(CONNECT_DATA=(SERVER=DEDICATED)(SERVICE_NAME=xe)));User Id=HIS_USER;Password=[PASSWORD];</ConnectionStringClient>
  <ConnectionStringServerSide>jdbc:oracle:thin:@10.21.1.159:1521/xe</ConnectionStringServerSide>
  <CommandList />
</DBConn>