﻿<?xml version="1.0" encoding="utf-8"?>
<DBConn xmlns:xsi="http://www.w3.org/2001/XMLSchema-instance" xmlns:xsd="http://www.w3.org/2001/XMLSchema" xsi:type="DBConnPostgreSQL" name="PG_SOURCE" type="PostgreSQL" version="3.0.0.1">
  <Active>true</Active>
  <DataSource>10.21.1.128</DataSource>
  <PortNum>5432</PortNum>
  <DataBase>k2view</DataBase>
  <UserId>yp_cust</UserId>
  <Password>j4XPgqlhWfX84UbAUKtJHpUFnjBkGOYijDq1oJItvlQ=:sj8DKPsqrx7HeZCSqlh+/argDS0anM56S6AVa7zgKQU=</Password>
  <MaxConnectionsNumber>60</MaxConnectionsNumber>
  <ConnectionStringClient>Provider=PostgreSQL;Host='10.21.1.128';user='yp_cust';Database='k2view';password='[PASSWORD]';port=5432;</ConnectionStringClient>
  <ConnectionStringServerSide>jdbc:postgresql://10.21.1.128:5432/k2view?stringtype=unspecified</ConnectionStringServerSide>
  <CommandList />
  <ProviderType>DevartUniversal</ProviderType>
</DBConn>