﻿<?xml version="1.0" encoding="utf-8"?>
<DBConn xmlns:xsi="http://www.w3.org/2001/XMLSchema-instance" xmlns:xsd="http://www.w3.org/2001/XMLSchema" xsi:type="DBConnSqlServer" name="SqlServer_AdvWorks" type="SqlServer" version="1.3.1.0">
  <Active>true</Active>
  <DataSource>10.21.1.171</DataSource>
  <PortNum>49623</PortNum>
  <DataBase>AdventureWorks</DataBase>
  <UserId>sa</UserId>
  <Password>fKlTf4XfXAz+5SRLq11GgqyxaycqmlLTGyAWSp4XvWg=:xdukHK4SeoKfkx2Tk+wEegBxa1Ez06nXK6CCQjMiLKw=</Password>
  <ConnectionStringClient>Server=10.21.1.171,49623;Network Library=DBMSSOCN;Database='AdventureWorks';UID='sa';Password='[PASSWORD]';Trusted_Connection=False;</ConnectionStringClient>
  <ConnectionStringServerSide>jdbc:sqlserver://10.21.1.171:49623;database=AdventureWorks</ConnectionStringServerSide>
  <CommandList />
</DBConn>