﻿<?xml version="1.0" encoding="utf-8"?>
<KFunction xmlns:xsi="http://www.w3.org/2001/XMLSchema-instance" xmlns:xsd="http://www.w3.org/2001/XMLSchema">
  <Name>k2_abs</Name>
  <ID>Math.k2_abs</ID>
  <Category>Math</Category>
  <FunctionLevel>Product</FunctionLevel>
  <RegisterAsLuDbFunction>false</RegisterAsLuDbFunction>
  <SaveToDLUR>false</SaveToDLUR>
  <ApiFunction>false</ApiFunction>
  <RequiresLuReference>false</RequiresLuReference>
  <Desc>Absolute value</Desc>
  <Auther name="" id="" />
  <Language>Java</Language>
  <FunctionBody>if(i_num == null)
	return null;
return java.lang.Math.abs(i_num);</FunctionBody>
  <IsSyntaxValid>true</IsSyntaxValid>
  <InputParams>
    <Input name="i_num" id="fi.Math.k2_abs.0" index="0" dataType="Double">
      <Comment />
    </Input>
  </InputParams>
  <OutputParams>
    <Output name="o_num" id="fo.Math.k2_abs.0" index="0" dataType="Object">
      <Comment />
    </Output>
  </OutputParams>
</KFunction>