﻿<?xml version="1.0" encoding="utf-8"?>
<KFunction xmlns:xsi="http://www.w3.org/2001/XMLSchema-instance" xmlns:xsd="http://www.w3.org/2001/XMLSchema">
  <Name>k2_mod</Name>
  <ID>Math.k2_mod</ID>
  <Category>Math</Category>
  <FunctionLevel>Product</FunctionLevel>
  <RegisterAsLuDbFunction>false</RegisterAsLuDbFunction>
  <SaveToDLUR>false</SaveToDLUR>
  <ApiFunction>false</ApiFunction>
  <RequiresLuReference>false</RequiresLuReference>
  <Desc>Modulo of a number</Desc>
  <Auther name="" id="" />
  <Language>Java</Language>
  <FunctionBody>if(i_number == null || i_mod == null)
	return null;
return i_number % i_mod;</FunctionBody>
  <IsSyntaxValid>true</IsSyntaxValid>
  <InputParams>
    <Input name="i_number" id="fi.Math.k2_mod.0" index="0" dataType="Integer">
      <Comment />
    </Input>
    <Input name="i_mod" id="fi.Math.k2_mod.1" index="1" dataType="Integer">
      <Comment />
    </Input>
  </InputParams>
  <OutputParams>
    <Output name="o_mod_num" id="fo.Math.k2_mod.0" index="0" dataType="Integer">
      <Comment />
    </Output>
  </OutputParams>
</KFunction>