﻿<?xml version="1.0" encoding="utf-8"?>
<KFunction xmlns:xsi="http://www.w3.org/2001/XMLSchema-instance" xmlns:xsd="http://www.w3.org/2001/XMLSchema">
  <Name>k2_minus</Name>
  <ID>Math.k2_minus</ID>
  <Category>Math</Category>
  <FunctionLevel>Product</FunctionLevel>
  <RegisterAsLuDbFunction>false</RegisterAsLuDbFunction>
  <SaveToDLUR>false</SaveToDLUR>
  <ApiFunction>false</ApiFunction>
  <RequiresLuReference>false</RequiresLuReference>
  <Desc>minus one parameter from another to get a result</Desc>
  <Auther name="" id="" />
  <Language>Java</Language>
  <FunctionBody>if(i_num1 == null || i_num2 == null)
	return null;
return i_num1 - i_num2;</FunctionBody>
  <IsSyntaxValid>true</IsSyntaxValid>
  <InputParams>
    <Input name="i_num1" id="fi.Math.k2_minus.0" index="0" dataType="Double">
      <Comment />
    </Input>
    <Input name="i_num2" id="fi.Math.k2_minus.1" index="1" dataType="Double">
      <Comment />
    </Input>
  </InputParams>
  <OutputParams>
    <Output name="o_num" id="fo.Math.k2_minus.0" index="0" dataType="Double">
      <Comment />
    </Output>
  </OutputParams>
</KFunction>