﻿<?xml version="1.0" encoding="utf-8"?>
<KFunction xmlns:xsi="http://www.w3.org/2001/XMLSchema-instance" xmlns:xsd="http://www.w3.org/2001/XMLSchema" version="3.1.0.1">
  <Name>fnFieldsRT1</Name>
  <ID>Parser.fnFieldsRT1</ID>
  <Category>Parser</Category>
  <FunctionLevel>Project</FunctionLevel>
  <FunctionType>RegularFunction</FunctionType>
  <FunctionType2>RegularFunction</FunctionType2>
  <RegisterAsLuDbFunction>false</RegisterAsLuDbFunction>
  <SaveToDLUR>false</SaveToDLUR>
  <ApiFunction>false</ApiFunction>
  <DecisionFunction>false</DecisionFunction>
  <RequiresLuReference>false</RequiresLuReference>
  <Desc />
  <Auther name="" id="" />
  <Language>Java</Language>
  <FunctionBody>//return new Object [] {map.get(""),map.get("")};
return map;</FunctionBody>
  <IsSyntaxValid>true</IsSyntaxValid>
  <IsRootFunction>false</IsRootFunction>
  <InputParams>
    <Input name="map" id="fi.Parser.fnFieldsRT1.0" index="0" dataType="Map&lt;String,Object&gt;" />
  </InputParams>
  <OutputParams>
    <Output name="col1" id="fo.Parser.fnFieldsRT1.0" index="0" dataType="String">
      <Comment />
    </Output>
    <Output name="col2" id="fo.Parser.fnFieldsRT1.1" index="1" dataType="String">
      <Comment />
    </Output>
    <Output name="col3" id="fo.Parser.fnFieldsRT1.2" index="2" dataType="String">
      <Comment />
    </Output>
    <Output name="col4" id="fo.Parser.fnFieldsRT1.3" index="3" dataType="String">
      <Comment />
    </Output>
  </OutputParams>
</KFunction>