﻿<?xml version="1.0" encoding="utf-8"?>
<KFunction xmlns:xsi="http://www.w3.org/2001/XMLSchema-instance" xmlns:xsd="http://www.w3.org/2001/XMLSchema" version="4.0.0.0">
  <Name>fnParseFile</Name>
  <ID>Parser.fnParseFile</ID>
  <Category>Parser</Category>
  <FunctionLevel>Project</FunctionLevel>
  <FunctionType>RegularFunction</FunctionType>
  <FunctionType2>RegularFunction</FunctionType2>
  <RegisterAsLuDbFunction>false</RegisterAsLuDbFunction>
  <SaveToDLUR>false</SaveToDLUR>
  <ApiFunction>false</ApiFunction>
  <DecisionFunction>false</DecisionFunction>
  <RequiresLuReference>false</RequiresLuReference>
  <Desc />
  <Auther name="" id="" />
  <Language>Java</Language>
  <FunctionBody>return null;</FunctionBody>
  <IsSyntaxValid>true</IsSyntaxValid>
  <IsRootFunction>false</IsRootFunction>
  <InputParams>
    <Input name="in" id="fi.Parser.fnParseFile.0" index="0" dataType="String" />
  </InputParams>
  <OutputParams>
    <Output name="map" id="fo.Parser.fnParseFile.0" index="0" dataType="Map&lt;String,Object&gt;" />
  </OutputParams>
</KFunction>