﻿<?xml version="1.0" encoding="utf-8"?>
<KFunction xmlns:xsi="http://www.w3.org/2001/XMLSchema-instance" xmlns:xsd="http://www.w3.org/2001/XMLSchema" version="4.0.0.3">
  <Name>fnFetchMessQ</Name>
  <ID>Root.fnFetchMessQ</ID>
  <Category>Root</Category>
  <FunctionLevel>Project</FunctionLevel>
  <FunctionType>RegularFunction</FunctionType>
  <FunctionType2>RootFunction</FunctionType2>
  <RegisterAsLuDbFunction>false</RegisterAsLuDbFunction>
  <SaveToDLUR>false</SaveToDLUR>
  <ApiFunction>false</ApiFunction>
  <DecisionFunction>false</DecisionFunction>
  <RequiresLuReference>false</RequiresLuReference>
  <Desc />
  <Auther name="" id="" />
  <Language>Java</Language>
  <FunctionBody>yield(new Object[]{""});</FunctionBody>
  <IsSyntaxValid>true</IsSyntaxValid>
  <IsRootFunction>true</IsRootFunction>
  <InputParams>
    <Input name="Parser" id="fi.Root.fnFetchMessQ.0" index="0" dataType="String" />
    <Input name="RecordType" id="fi.Root.fnFetchMessQ.1" index="1" dataType="String" />
  </InputParams>
  <OutputParams>
    <Output name="Value" id="fo.Root.fnFetchMessQ.0" index="0" dataType="String" />
  </OutputParams>
</KFunction>