﻿<?xml version="1.0" encoding="utf-8"?>
<KFunction xmlns:xsi="http://www.w3.org/2001/XMLSchema-instance" xmlns:xsd="http://www.w3.org/2001/XMLSchema">
  <Name>fnMaskCreditScore</Name>
  <ID>DataMaskingLibrary.fnMaskCreditScore</ID>
  <Category>DataMaskingLibrary</Category>
  <FunctionLevel>Project</FunctionLevel>
  <FunctionType>RegularFunction</FunctionType>
  <RegisterAsLuDbFunction>true</RegisterAsLuDbFunction>
  <SaveToDLUR>false</SaveToDLUR>
  <ApiFunction>false</ApiFunction>
  <DecisionFunction>false</DecisionFunction>
  <RequiresLuReference>false</RequiresLuReference>
  <Desc />
  <Auther name="" id="" />
  <Language>Java</Language>
  <FunctionBody>return fnGetRandomNumber(350,850);</FunctionBody>
  <IsSyntaxValid>false</IsSyntaxValid>
  <IsRootFunction>false</IsRootFunction>
  <InputParams />
  <OutputParams>
    <Output name="oMaskedCreditScore" id="fo.DataMaskingLibrary.fnMaskCreditScore.0" index="0" dataType="Integer">
      <Comment>The new random credit score</Comment>
    </Output>
  </OutputParams>
</KFunction>