﻿<?xml version="1.0" encoding="utf-8"?>
<KFunction xmlns:xsi="http://www.w3.org/2001/XMLSchema-instance" xmlns:xsd="http://www.w3.org/2001/XMLSchema">
  <Name>k2_pad</Name>
  <ID>String.k2_pad</ID>
  <Category>String</Category>
  <FunctionLevel>Product</FunctionLevel>
  <RegisterAsLuDbFunction>false</RegisterAsLuDbFunction>
  <SaveToDLUR>false</SaveToDLUR>
  <ApiFunction>false</ApiFunction>
  <RequiresLuReference>false</RequiresLuReference>
  <Desc>This function will pad the i_pad_string to i_str according to i_pad_length</Desc>
  <Auther name="" id="" />
  <Language>Java</Language>
  <FunctionBody>if(i_str == null || i_pad_length == null)
	return null;

if(i_padToRight == null)
	i_padToRight = true;

String o_new_var;
if(i_padToRight){
	o_new_var = org.apache.commons.lang3.StringUtils.rightPad(i_str, i_pad_length, i_pad_string);
}else{
	o_new_var = org.apache.commons.lang3.StringUtils.leftPad(i_str, i_pad_length, i_pad_string);
}
return o_new_var;</FunctionBody>
  <IsSyntaxValid>true</IsSyntaxValid>
  <InputParams>
    <Input name="i_str" id="fi.String.k2_pad.0" index="0" dataType="String">
      <Comment>The input string</Comment>
    </Input>
    <Input name="i_pad_string" id="fi.String.k2_pad.1" index="1" dataType="String">
      <Comment>The i_pad_string may be truncated if the required number of padding characters can't be evenly divided by the pad_string's length</Comment>
    </Input>
    <Input name="i_pad_length" id="fi.String.k2_pad.2" index="2" dataType="Integer">
      <Comment>If the value of i_pad_length is negative, less than, or equal to the length of the input string, no padding takes place.</Comment>
    </Input>
    <Input name="i_padToRight" id="fi.String.k2_pad.3" index="3" dataType="Boolean">
      <Comment>Optional argument i_pad_type can be STR_PAD_RIGHT, STR_PAD_LEFT, or STR_PAD_BOTH. If pad_type is not specified it is assumed to be STR_PAD_RIGHT</Comment>
    </Input>
  </InputParams>
  <OutputParams>
    <Output name="o_new_var" id="fo.String.k2_pad.0" index="0" dataType="String">
      <Comment />
    </Output>
  </OutputParams>
</KFunction>