﻿<?xml version="1.0" encoding="utf-8"?>
<KFunction xmlns:xsi="http://www.w3.org/2001/XMLSchema-instance" xmlns:xsd="http://www.w3.org/2001/XMLSchema">
  <Name>k2_regexp_match</Name>
  <ID>String.k2_regexp_match</ID>
  <Category>String</Category>
  <FunctionLevel>Product</FunctionLevel>
  <RegisterAsLuDbFunction>false</RegisterAsLuDbFunction>
  <SaveToDLUR>false</SaveToDLUR>
  <ApiFunction>false</ApiFunction>
  <RequiresLuReference>false</RequiresLuReference>
  <Desc>Perform a regular expression match</Desc>
  <Auther name="" id="" />
  <Language>Java</Language>
  <FunctionBody>if(pattern == null || subject == null)
	return false;
return subject.matches(pattern);</FunctionBody>
  <IsSyntaxValid>true</IsSyntaxValid>
  <InputParams>
    <Input name="pattern" id="fi.String.k2_regexp_match.0" index="0" dataType="String">
      <Comment />
    </Input>
    <Input name="subject" id="fi.String.k2_regexp_match.1" index="1" dataType="String">
      <Comment />
    </Input>
  </InputParams>
  <OutputParams>
    <Output name="ret" id="fo.String.k2_regexp_match.0" index="0" dataType="Boolean">
      <Comment />
    </Output>
  </OutputParams>
</KFunction>