﻿<?xml version="1.0" encoding="utf-8"?>
<KFunction xmlns:xsi="http://www.w3.org/2001/XMLSchema-instance" xmlns:xsd="http://www.w3.org/2001/XMLSchema">
  <Name>k2_strtolower</Name>
  <ID>String.k2_strtolower</ID>
  <Category>String</Category>
  <FunctionLevel>Product</FunctionLevel>
  <RegisterAsLuDbFunction>false</RegisterAsLuDbFunction>
  <SaveToDLUR>false</SaveToDLUR>
  <ApiFunction>false</ApiFunction>
  <RequiresLuReference>false</RequiresLuReference>
  <Desc>Make a string lowercase</Desc>
  <Auther name="" id="" />
  <Language>Java</Language>
  <FunctionBody>if(i_str1 == null)
	return null;
return i_str1.toLowerCase();</FunctionBody>
  <IsSyntaxValid>true</IsSyntaxValid>
  <InputParams>
    <Input name="i_str1" id="fi.String.k2_strtolower.0" index="0" dataType="String">
      <Comment />
    </Input>
  </InputParams>
  <OutputParams>
    <Output name="o_str1" id="fo.String.k2_strtolower.0" index="0" dataType="String">
      <Comment />
    </Output>
  </OutputParams>
</KFunction>