﻿<?xml version="1.0" encoding="utf-8"?>
<KFunction xmlns:xsi="http://www.w3.org/2001/XMLSchema-instance" xmlns:xsd="http://www.w3.org/2001/XMLSchema">
  <Name>k2_getInstanceID</Name>
  <ID>Utilities.k2_getInstanceID</ID>
  <Category>Utilities</Category>
  <FunctionLevel>Product</FunctionLevel>
  <RegisterAsLuDbFunction>false</RegisterAsLuDbFunction>
  <SaveToDLUR>false</SaveToDLUR>
  <ApiFunction>false</ApiFunction>
  <RequiresLuReference>false</RequiresLuReference>
  <Desc>get the current instance ID</Desc>
  <Auther name="" id="" />
  <Language>Java</Language>
  <FunctionBody>return getInstanceID();</FunctionBody>
  <IsSyntaxValid>true</IsSyntaxValid>
  <InputParams />
  <OutputParams>
    <Output name="instanceID" id="fo.Utilities.k2_getInstanceID.0" index="0" dataType="String">
      <Comment />
    </Output>
  </OutputParams>
</KFunction>