﻿<?xml version="1.0" encoding="utf-8"?>
<TableObject xmlns:xsi="http://www.w3.org/2001/XMLSchema-instance" xmlns:xsd="http://www.w3.org/2001/XMLSchema">
  <Name>yp_country_information</Name>
  <ID>tbl_yp_country_information</ID>
  <LazyDataUpdate performEvery="1.00:00:00" />
  <Columns>
    <Column name="seq" id="tblCol_e864e654814344bc935b4e86350d638b" index="0" datatype="Real" />
    <Column name="customer_id" id="tblCol_8c9f29efbffa4f7b8a9f9244fe0c572b" index="1" datatype="Real" />
    <Column name="country_name" id="tblCol_6424f785c8f84451aef8e0e644263594" index="2" datatype="Text" />
    <Column name="country_flag_url" id="tblCol_f1aa9fe4c02441c8b369bb92a621388a" index="3" datatype="Text" />
    <Column name="country_flag1" id="tblCol_f3a7201f651b41b986db6dc840ddf728" index="4" datatype="BLOB" />
    <Column name="country_flag2" id="tblCol_1b763bf72dfc4412ae22792d1785d572" index="5" datatype="Text" />
    <Column name="add_infromation" id="tblCol_add7d0f92b62466ba03ec99959b4ae86" index="6" datatype="Text" />
  </Columns>
  <IndexesList>
    <Index id="1" instanceOnly="true" columnsIdsList="tblCol_e864e654814344bc935b4e86350d638b" />
  </IndexesList>
  <EnrichmentList />
</TableObject>