﻿<?xml version="1.0" encoding="utf-8"?>
<ParserMap xmlns:xsi="http://www.w3.org/2001/XMLSchema-instance" xmlns:xsd="http://www.w3.org/2001/XMLSchema">
  <Name>prsFetchFileNames</Name>
  <MapType>ParserMap</MapType>
  <RootItemID>f_1</RootItemID>
  <SimpleObject>false</SimpleObject>
  <TargetsList>
    <Target xsi:type="ParserMapTargetItem">
      <TargetName>FMQ</TargetName>
      <Module>Parser_Map</Module>
      <ItemsList>
        <Item id="f_1" name="k2_FolderStreamReader" nodeOrder="0" module="Function" mapObjectModule="Function" fileName="k2_FolderStreamReader.k2function.xml">
          <InputsList>
            <Input id="fi_1.0" name="folderPath" />
            <Input id="fi_1.1" name="folderPathDebug" />
            <Input id="fi_1.2" name="regexFilter" />
            <Input id="fi_1.3" name="recordDelimiter" />
            <Input id="fi_1.4" name="fieldDelimiter" />
            <Input id="fi_1.5" name="enclosingChar" />
          </InputsList>
          <OutputsList>
            <Output id="fo_1.0" name="result" />
          </OutputsList>
        </Item>
        <Item xsi:type="ParserRecordTypeDataSave" id="rt_FMQ" name="FMQ" nodeOrder="1" module="ParserRecordType" mapObjectModule="ParserRecordType" parentParser="prsFetchFileNames" active="true">
          <InputsList>
            <Input xsi:type="ParserRecordTypeDataSaveColumnInput" id="rtCol_47de9a7700a74ca6a3320f09aed50cfb" name="result" dataType="BLOB" />
          </InputsList>
          <OutputsList />
          <RecordTypeKeyColumn>rtCol_47de9a7700a74ca6a3320f09aed50cfb</RecordTypeKeyColumn>
          <PkColumnsList />
          <ClusteringKeyOrder>ASC</ClusteringKeyOrder>
        </Item>
      </ItemsList>
      <LinksList>
        <Link partId="10" fromNodeOrder="0" fromItemID="f_1" fromColID="fo_1.0" toItemID="rt_FMQ" toColID="rtCol_47de9a7700a74ca6a3320f09aed50cfb" />
      </LinksList>
      <ParserMapRecordType id="rt_FMQ" name="FMQ" parentParser="prsFetchFileNames">
        <Active>true</Active>
        <RecordTypeKeyColumn>rtCol_47de9a7700a74ca6a3320f09aed50cfb</RecordTypeKeyColumn>
        <Columns>
          <Column id="rtCol_47de9a7700a74ca6a3320f09aed50cfb" name="result" index="0">
            <DataType>BLOB</DataType>
          </Column>
        </Columns>
        <PkColumns />
      </ParserMapRecordType>
    </Target>
  </TargetsList>
  <syncEvery>00:00:00</syncEvery>
  <ExecutionScope>Single_Node</ExecutionScope>
</ParserMap>